Subject,Trial,Word,Actual RT,logRT
41,9,crayon,675,6.514712691
41,12,eggbeater,651,6.478509642
41,15,spoon,502,6.21860012
41,17,leech,498,6.210600077
41,18,treadmill,535,6.282266747
41,19,ferret,510,6.234410726
41,21,ladle,639,6.459904454
41,25,buffalo,473,6.159095388
41,26,skyscraper,576,6.356107661
41,36,beetle,785,6.665683718
41,40,plunger,509,6.232448017
41,41,mosquito,579,6.361302478
41,44,backpack,749,6.618738984
41,46,deer,519,6.251903883
41,51,rake,514,6.242223265
41,56,cave,496,6.206575927
41,59,lawnmower,763,6.637258031
41,60,condor,621,6.431331082
41,64,tambourine,640,6.461468176
41,65,submarine,621,6.431331082
41,67,popsicle,499,6.212606096
41,68,paddle,552,6.313548046
41,71,amphitheater,568,6.342121419
42,8,bear,581,6.364750757
42,9,crayon,444,6.095824562
42,12,eggbeater,1158,7.054449658
42,15,spoon,461,6.133398043
42,18,treadmill,830,6.721425701
42,19,ferret,1110,7.012115294
42,21,ladle,613,6.418364936
42,23,zipper,662,6.495265556
42,25,buffalo,500,6.214608098
42,26,skyscraper,590,6.380122537
42,30,pistol,777,6.65544035
42,31,lotion,631,6.447305863
42,35,stadium,525,6.263398263
42,36,beetle,641,6.463029457
42,40,plunger,560,6.327936784
42,41,mosquito,627,6.440946541
42,44,backpack,608,6.410174882
42,46,deer,819,6.708084084
42,47,bulldog,604,6.403574198
42,51,rake,1208,7.096721378
42,54,donkey,492,6.198478716
42,56,cave,952,6.858565035
42,58,napkin,397,5.983936281
42,59,lawnmower,726,6.587550015
42,60,condor,1005,6.91274282
42,65,submarine,738,6.603943825
42,67,popsicle,1095,6.998509642
42,68,paddle,1042,6.948897222
43,8,bear,489,6.192362489
43,9,crayon,519,6.251903883
43,12,eggbeater,800,6.684611728
43,15,spoon,597,6.391917113
43,17,leech,573,6.350885717
43,18,treadmill,619,6.428105273
43,19,ferret,591,6.381816017
43,21,ladle,707,6.561030666
43,23,zipper,774,6.651571874
43,25,buffalo,715,6.572282543
43,26,skyscraper,731,6.59441346
43,30,pistol,613,6.418364936
43,31,lotion,506,6.226536669
43,35,stadium,622,6.432940093
43,36,beetle,663,6.49677499
43,40,plunger,732,6.595780514
43,41,mosquito,741,6.608000625
43,44,backpack,846,6.74051936
43,46,deer,647,6.472346295
43,47,bulldog,723,6.583409222
43,49,mink,772,6.64898455
43,51,rake,819,6.708084084
43,54,donkey,796,6.679599186
43,56,cave,702,6.553933404
43,58,napkin,885,6.785587645
43,59,lawnmower,816,6.704414355
43,60,condor,785,6.665683718
43,64,tambourine,788,6.66949809
43,65,submarine,762,6.635946556
43,67,popsicle,719,6.577861358
43,68,paddle,916,6.820016365
43,71,amphitheater,781,6.66057515
45,8,bear,549,6.308098442
45,9,crayon,481,6.17586727
45,12,eggbeater,471,6.154858094
45,15,spoon,432,6.068425588
45,19,ferret,875,6.774223886
45,21,ladle,478,6.169610732
45,23,zipper,431,6.06610809
45,25,buffalo,352,5.863631176
45,26,skyscraper,431,6.06610809
45,31,lotion,469,6.150602768
45,35,stadium,488,6.190315406
45,36,beetle,387,5.958424693
45,40,plunger,395,5.978885765
45,41,mosquito,501,6.216606101
45,44,backpack,471,6.154858094
45,46,deer,458,6.126869184
45,47,bulldog,422,6.045005314
45,49,mink,692,6.539585956
45,51,rake,438,6.08221891
45,54,donkey,451,6.11146734
45,56,cave,478,6.169610732
45,58,napkin,437,6.079933195
45,59,lawnmower,696,6.54534966
45,65,submarine,572,6.349138991
45,68,paddle,546,6.302618976
45,71,amphitheater,733,6.597145702
46,8,bear,496,6.206575927
46,9,crayon,419,6.03787092
46,12,eggbeater,513,6.240275845
46,15,spoon,417,6.033086222
46,17,leech,473,6.159095388
46,18,treadmill,477,6.167516491
46,19,ferret,610,6.413458957
46,21,ladle,599,6.395261598
46,23,zipper,464,6.139884552
46,25,buffalo,401,5.993961427
46,26,skyscraper,445,6.098074282
46,30,pistol,441,6.089044875
46,31,lotion,604,6.403574198
46,35,stadium,416,6.03068526
46,36,beetle,420,6.040254711
46,40,plunger,416,6.03068526
46,41,mosquito,515,6.244166901
46,44,backpack,453,6.115892125
46,46,deer,383,5.948034989
46,47,bulldog,445,6.098074282
46,49,mink,606,6.406879986
46,51,rake,541,6.293419279
46,54,donkey,473,6.159095388
46,56,cave,416,6.03068526
46,58,napkin,923,6.827629235
46,59,lawnmower,556,6.320768294
46,60,condor,457,6.124683391
46,64,tambourine,548,6.306275287
46,65,submarine,503,6.22059017
46,67,popsicle,478,6.169610732
46,68,paddle,504,6.222576268
50,8,bear,515,6.244166901
50,9,crayon,539,6.289715571
50,12,eggbeater,710,6.56526497
50,15,spoon,584,6.369900983
50,17,leech,704,6.556778356
50,18,treadmill,629,6.444131257
50,19,ferret,625,6.43775165
50,21,ladle,710,6.56526497
50,23,zipper,648,6.473890696
50,25,buffalo,703,6.555356892
50,26,skyscraper,616,6.423246964
50,30,pistol,561,6.329720906
50,31,lotion,668,6.504288174
50,35,stadium,599,6.395261598
50,36,beetle,677,6.517671273
50,40,plunger,668,6.504288174
50,41,mosquito,900,6.802394763
50,44,backpack,548,6.306275287
50,46,deer,624,6.436150368
50,47,bulldog,609,6.411818268
50,49,mink,770,6.646390515
50,51,rake,650,6.476972363
50,54,donkey,644,6.467698726
50,56,cave,638,6.458338283
50,58,napkin,585,6.371611847
50,59,lawnmower,691,6.538139824
50,60,condor,694,6.542471961
50,64,tambourine,721,6.580639137
50,65,submarine,678,6.519147288
50,67,popsicle,585,6.371611847
50,68,paddle,779,6.658011046
50,71,amphitheater,991,6.898714534
52,8,bear,688,6.533788838
52,9,crayon,566,6.338594078
52,12,eggbeater,589,6.378426184
52,15,spoon,544,6.298949247
52,17,leech,736,6.601230119
52,18,treadmill,534,6.280395839
52,19,ferret,1200,7.090076836
52,21,ladle,658,6.489204931
52,23,zipper,529,6.270988432
52,25,buffalo,468,6.148468296
52,26,skyscraper,525,6.263398263
52,30,pistol,571,6.34738921
52,31,lotion,588,6.376726948
52,35,stadium,479,6.171700597
52,36,beetle,503,6.22059017
52,40,plunger,633,6.450470422
52,41,mosquito,562,6.33150185
52,44,backpack,596,6.390240667
52,46,deer,597,6.391917113
52,47,bulldog,545,6.300785795
52,49,mink,588,6.376726948
52,51,rake,636,6.455198563
52,54,donkey,621,6.431331082
52,56,cave,558,6.324358962
52,58,napkin,507,6.228511004
52,59,lawnmower,537,6.285998095
52,60,condor,583,6.368187186
52,64,tambourine,546,6.302618976
52,65,submarine,495,6.204557763
52,67,popsicle,526,6.265301213
52,68,paddle,991,6.898714534
52,71,amphitheater,688,6.533788838
56,8,bear,821,6.710523109
56,9,crayon,1430,7.265429723
56,12,eggbeater,829,6.720220155
56,15,spoon,700,6.551080335
56,17,leech,794,6.677083461
56,18,treadmill,726,6.587550015
56,19,ferret,682,6.525029658
56,21,ladle,794,6.677083461
56,23,zipper,599,6.395261598
56,25,buffalo,749,6.618738984
56,26,skyscraper,777,6.65544035
56,30,pistol,651,6.478509642
56,31,lotion,679,6.520621128
56,35,stadium,757,6.629363253
56,36,beetle,809,6.695798917
56,40,plunger,732,6.595780514
56,41,mosquito,711,6.56667243
56,44,backpack,605,6.405228458
56,46,deer,509,6.232448017
56,47,bulldog,611,6.415096959
56,49,mink,1276,7.151485464
56,51,rake,707,6.561030666
56,54,donkey,712,6.568077911
56,56,cave,572,6.349138991
56,58,napkin,745,6.613384218
56,59,lawnmower,773,6.650279049
56,64,tambourine,832,6.723832441
56,65,submarine,808,6.694562059
56,67,popsicle,999,6.906754779
56,68,paddle,764,6.638567789
56,71,amphitheater,1034,6.941190055
57,8,bear,602,6.400257445
57,9,crayon,535,6.282266747
57,12,eggbeater,898,6.800170068
57,15,spoon,649,6.475432717
57,17,leech,742,6.609349243
57,18,treadmill,597,6.391917113
57,19,ferret,695,6.543911846
57,21,ladle,739,6.605297921
57,23,zipper,640,6.461468176
57,25,buffalo,524,6.261491684
57,26,skyscraper,517,6.248042875
57,30,pistol,642,6.464588304
57,31,lotion,550,6.309918278
57,35,stadium,518,6.249975242
57,36,beetle,547,6.304448802
57,40,plunger,692,6.539585956
57,41,mosquito,678,6.519147288
57,44,backpack,456,6.12249281
57,46,deer,494,6.202535517
57,47,bulldog,507,6.228511004
57,49,mink,848,6.742880636
57,51,rake,603,6.401917197
57,54,donkey,650,6.476972363
57,56,cave,613,6.418364936
57,58,napkin,923,6.827629235
57,59,lawnmower,672,6.510258341
57,64,tambourine,528,6.269096284
57,65,submarine,572,6.349138991
57,67,popsicle,562,6.33150185
57,68,paddle,661,6.49375384
57,71,amphitheater,990,6.897704943
58,8,bear,438,6.08221891
58,9,crayon,463,6.137727054
58,15,spoon,470,6.152732695
58,17,leech,918,6.822197391
58,18,treadmill,606,6.406879986
58,19,ferret,508,6.230481448
58,23,zipper,440,6.086774727
58,25,buffalo,471,6.154858094
58,26,skyscraper,447,6.102558595
58,30,pistol,475,6.163314804
58,31,lotion,677,6.517671273
58,35,stadium,847,6.741700695
58,36,beetle,518,6.249975242
58,40,plunger,515,6.244166901
58,41,mosquito,523,6.259581464
58,44,backpack,472,6.156978986
58,49,mink,535,6.282266747
58,51,rake,530,6.272877007
58,54,donkey,491,6.196444128
58,56,cave,1034,6.941190055
58,58,napkin,503,6.22059017
58,60,condor,446,6.100318952
58,64,tambourine,567,6.340359304
58,65,submarine,550,6.309918278
58,67,popsicle,593,6.385194399
58,68,paddle,507,6.228511004
59,8,bear,482,6.177944114
59,9,crayon,1293,7.164720379
59,12,eggbeater,624,6.436150368
59,15,spoon,526,6.265301213
59,17,leech,529,6.270988432
59,18,treadmill,661,6.49375384
59,19,ferret,583,6.368187186
59,21,ladle,604,6.403574198
59,23,zipper,618,6.426488457
59,25,buffalo,467,6.146329258
59,26,skyscraper,506,6.226536669
59,30,pistol,642,6.464588304
59,31,lotion,618,6.426488457
59,35,stadium,667,6.502790046
59,36,beetle,790,6.672032945
59,41,mosquito,603,6.401917197
59,44,backpack,550,6.309918278
59,46,deer,585,6.371611847
59,47,bulldog,571,6.34738921
59,49,mink,611,6.415096959
59,51,rake,760,6.633318433
59,54,donkey,1378,7.228388452
59,56,cave,510,6.234410726
59,58,napkin,604,6.403574198
59,59,lawnmower,742,6.609349243
59,60,condor,990,6.897704943
59,64,tambourine,681,6.523562306
59,65,submarine,616,6.423246964
59,67,popsicle,649,6.475432717
59,68,paddle,889,6.790097236
59,71,amphitheater,797,6.680854679
60,8,bear,539,6.289715571
60,9,crayon,435,6.075346031
60,15,spoon,573,6.350885717
60,17,leech,648,6.473890696
60,18,treadmill,588,6.376726948
60,21,ladle,578,6.359573869
60,23,zipper,528,6.269096284
60,25,buffalo,591,6.381816017
60,26,skyscraper,556,6.320768294
60,30,pistol,703,6.555356892
60,31,lotion,897,6.799055862
60,35,stadium,465,6.142037406
60,36,beetle,452,6.11368218
60,40,plunger,532,6.276643489
60,41,mosquito,524,6.261491684
60,44,backpack,446,6.100318952
60,46,deer,463,6.137727054
60,47,bulldog,458,6.126869184
60,51,rake,563,6.333279628
60,54,donkey,844,6.738152495
60,56,cave,487,6.188264123
60,58,napkin,465,6.142037406
60,59,lawnmower,845,6.739336627
60,60,condor,574,6.352629396
60,64,tambourine,603,6.401917197
60,65,submarine,456,6.12249281
60,67,popsicle,464,6.139884552
60,68,paddle,476,6.165417854
62,8,bear,425,6.052089169
62,9,crayon,415,6.02827852
62,12,eggbeater,433,6.070737728
62,15,spoon,369,5.910796644
62,17,leech,439,6.084499413
62,18,treadmill,416,6.03068526
62,19,ferret,484,6.182084907
62,21,ladle,565,6.336825731
62,23,zipper,522,6.257667588
62,25,buffalo,406,6.00635316
62,30,pistol,511,6.23636959
62,31,lotion,477,6.167516491
62,35,stadium,482,6.177944114
62,36,beetle,453,6.115892125
62,40,plunger,542,6.295266001
62,41,mosquito,475,6.163314804
62,44,backpack,417,6.033086222
62,46,deer,441,6.089044875
62,47,bulldog,477,6.167516491
62,49,mink,739,6.605297921
62,51,rake,451,6.11146734
62,54,donkey,378,5.934894196
62,56,cave,439,6.084499413
62,58,napkin,521,6.255750042
62,59,lawnmower,551,6.311734809
62,64,tambourine,587,6.37502482
62,65,submarine,451,6.11146734
62,67,popsicle,503,6.22059017
62,68,paddle,453,6.115892125
62,71,amphitheater,697,6.546785411
160,8,bear,4900,8.496990484
160,9,crayon,835,6.727431725
160,12,eggbeater,600,6.396929655
160,15,spoon,539,6.289715571
160,17,leech,571,6.34738921
160,18,treadmill,598,6.393590754
160,19,ferret,571,6.34738921
160,21,ladle,597,6.391917113
160,23,zipper,1303,7.172424577
160,25,buffalo,476,6.165417854
160,26,skyscraper,518,6.249975242
160,30,pistol,566,6.338594078
160,31,lotion,549,6.308098442
160,35,stadium,749,6.618738984
160,36,beetle,683,6.52649486
160,40,plunger,669,6.50578406
160,41,mosquito,599,6.395261598
160,44,backpack,3893,8.266935348
160,46,deer,740,6.606650186
160,47,bulldog,4362,8.380685947
160,49,mink,557,6.32256524
160,51,rake,561,6.329720906
160,54,donkey,647,6.472346295
160,56,cave,593,6.385194399
160,58,napkin,367,5.905361848
160,59,lawnmower,620,6.429719478
160,60,condor,808,6.694562059
160,64,tambourine,644,6.467698726
160,65,submarine,631,6.447305863
160,67,popsicle,440,6.086774727
160,68,paddle,564,6.335054251
160,71,amphitheater,647,6.472346295
162,8,bear,426,6.054439346
162,9,crayon,558,6.324358962
162,12,eggbeater,488,6.190315406
162,15,spoon,463,6.137727054
162,17,leech,973,6.880384082
162,18,treadmill,772,6.64898455
162,19,ferret,697,6.546785411
162,21,ladle,798,6.682108597
162,23,zipper,548,6.306275287
162,25,buffalo,559,6.326149473
162,26,skyscraper,516,6.246106765
162,30,pistol,548,6.306275287
162,31,lotion,564,6.335054251
162,35,stadium,909,6.812345094
162,36,beetle,495,6.204557763
162,40,plunger,536,6.284134161
162,41,mosquito,598,6.393590754
162,44,backpack,381,5.942799375
162,46,deer,436,6.077642243
162,47,bulldog,916,6.820016365
162,54,donkey,510,6.234410726
162,56,cave,573,6.350885717
162,58,napkin,828,6.719013154
162,59,lawnmower,656,6.486160789
162,60,condor,507,6.228511004
162,64,tambourine,516,6.246106765
162,65,submarine,540,6.29156914
162,67,popsicle,513,6.240275845
162,68,paddle,610,6.413458957
162,71,amphitheater,760,6.633318433
163,8,bear,351,5.860786223
163,9,crayon,367,5.905361848
163,12,eggbeater,537,6.285998095
163,15,spoon,403,5.998936562
163,17,leech,411,6.018593214
163,18,treadmill,540,6.29156914
163,21,ladle,488,6.190315406
163,23,zipper,424,6.049733455
163,25,buffalo,407,6.008813185
163,26,skyscraper,450,6.109247583
163,30,pistol,505,6.224558429
163,31,lotion,482,6.177944114
163,35,stadium,392,5.97126184
163,36,beetle,541,6.293419279
163,40,plunger,565,6.336825731
163,41,mosquito,460,6.131226489
163,44,backpack,449,6.107022888
163,46,deer,416,6.03068526
163,47,bulldog,464,6.139884552
163,49,mink,519,6.251903883
163,54,donkey,468,6.148468296
163,56,cave,392,5.97126184
163,58,napkin,906,6.809039306
163,59,lawnmower,547,6.304448802
163,60,condor,457,6.124683391
163,64,tambourine,723,6.583409222
163,65,submarine,531,6.274762021
163,67,popsicle,584,6.369900983
163,68,paddle,431,6.06610809
163,71,amphitheater,704,6.556778356
171,8,bear,437,6.079933195
171,9,crayon,424,6.049733455
171,12,eggbeater,578,6.359573869
171,15,spoon,412,6.021023349
171,17,leech,483,6.180016654
171,19,ferret,584,6.369900983
171,21,ladle,476,6.165417854
171,25,buffalo,455,6.120297419
171,26,skyscraper,436,6.077642243
171,30,pistol,608,6.410174882
171,31,lotion,530,6.272877007
171,35,stadium,460,6.131226489
171,36,beetle,445,6.098074282
171,40,plunger,635,6.453624999
171,41,mosquito,895,6.796823718
171,44,backpack,423,6.047372179
171,46,deer,523,6.259581464
171,47,bulldog,437,6.079933195
171,51,rake,615,6.421622268
171,54,donkey,453,6.115892125
171,56,cave,495,6.204557763
171,58,napkin,417,6.033086222
171,64,tambourine,557,6.32256524
171,65,submarine,490,6.194405391
171,67,popsicle,851,6.746412129
171,68,paddle,447,6.102558595
172,8,bear,675,6.514712691
172,9,crayon,534,6.280395839
172,12,eggbeater,624,6.436150368
172,15,spoon,542,6.295266001
172,17,leech,664,6.498282149
172,18,treadmill,715,6.572282543
172,19,ferret,719,6.577861358
172,21,ladle,696,6.54534966
172,23,zipper,518,6.249975242
172,25,buffalo,456,6.12249281
172,26,skyscraper,531,6.274762021
172,30,pistol,474,6.161207322
172,31,lotion,602,6.400257445
172,35,stadium,639,6.459904454
172,36,beetle,1333,7.19518732
172,40,plunger,539,6.289715571
172,41,mosquito,582,6.366470448
172,44,backpack,523,6.259581464
172,46,deer,491,6.196444128
172,47,bulldog,494,6.202535517
172,49,mink,689,6.535241271
172,51,rake,584,6.369900983
172,54,donkey,511,6.23636959
172,56,cave,1100,7.003065459
172,58,napkin,493,6.200509174
172,59,lawnmower,651,6.478509642
172,64,tambourine,608,6.410174882
172,65,submarine,406,6.00635316
172,67,popsicle,536,6.284134161
172,68,paddle,566,6.338594078
172,71,amphitheater,812,6.69950034
175,8,bear,596,6.390240667
175,9,crayon,499,6.212606096
175,15,spoon,560,6.327936784
175,17,leech,459,6.12905021
175,18,treadmill,559,6.326149473
175,21,ladle,730,6.593044534
175,23,zipper,512,6.238324625
175,26,skyscraper,569,6.343880434
175,30,pistol,558,6.324358962
175,31,lotion,612,6.416732283
175,35,stadium,502,6.21860012
175,36,beetle,464,6.139884552
175,40,plunger,687,6.532334292
175,41,mosquito,568,6.342121419
175,46,deer,399,5.988961417
175,47,bulldog,501,6.216606101
175,49,mink,598,6.393590754
175,51,rake,723,6.583409222
175,54,donkey,481,6.17586727
175,56,cave,481,6.17586727
175,58,napkin,446,6.100318952
175,65,submarine,811,6.698268054
176,8,bear,444,6.095824562
176,12,eggbeater,821,6.710523109
176,15,spoon,466,6.144185634
176,17,leech,561,6.329720906
176,18,treadmill,521,6.255750042
176,19,ferret,568,6.342121419
176,21,ladle,449,6.107022888
176,23,zipper,557,6.32256524
176,25,buffalo,471,6.154858094
176,26,skyscraper,536,6.284134161
176,30,pistol,599,6.395261598
176,31,lotion,585,6.371611847
176,35,stadium,612,6.416732283
176,36,beetle,743,6.610696045
176,40,plunger,627,6.440946541
176,41,mosquito,582,6.366470448
176,44,backpack,533,6.278521424
176,46,deer,493,6.200509174
176,47,bulldog,451,6.11146734
176,49,mink,658,6.489204931
176,51,rake,731,6.59441346
176,54,donkey,572,6.349138991
176,56,cave,509,6.232448017
176,58,napkin,799,6.683360946
176,59,lawnmower,525,6.263398263
176,60,condor,1077,6.981934677
176,65,submarine,900,6.802394763
176,67,popsicle,639,6.459904454
176,68,paddle,534,6.280395839
177,8,bear,363,5.894402834
177,9,crayon,379,5.937536205
177,12,eggbeater,578,6.359573869
177,15,spoon,376,5.929589143
177,17,leech,368,5.908082938
177,18,treadmill,639,6.459904454
177,19,ferret,728,6.590301048
177,21,ladle,416,6.03068526
177,23,zipper,1055,6.961296046
177,25,buffalo,454,6.118097198
177,26,skyscraper,983,6.89060912
177,30,pistol,522,6.257667588
177,31,lotion,475,6.163314804
177,35,stadium,429,6.061456919
177,36,beetle,513,6.240275845
177,40,plunger,527,6.267200549
177,41,mosquito,555,6.318968114
177,44,backpack,974,6.881411304
177,46,deer,402,5.996452089
177,47,bulldog,468,6.148468296
177,49,mink,553,6.315358002
177,51,rake,1049,6.955592608
177,54,donkey,949,6.855408799
177,56,cave,467,6.146329258
177,58,napkin,478,6.169610732
177,59,lawnmower,709,6.563855527
177,60,condor,508,6.230481448
177,64,tambourine,696,6.54534966
177,65,submarine,602,6.400257445
177,67,popsicle,675,6.514712691
177,68,paddle,532,6.276643489
179,8,bear,492,6.198478716
179,9,crayon,388,5.96100534
179,12,eggbeater,531,6.274762021
179,15,spoon,442,6.091309882
179,17,leech,477,6.167516491
179,18,treadmill,471,6.154858094
179,23,zipper,412,6.021023349
179,25,buffalo,416,6.03068526
179,26,skyscraper,414,6.025865974
179,30,pistol,358,5.880532986
179,31,lotion,389,5.963579344
179,35,stadium,885,6.785587645
179,36,beetle,451,6.11146734
179,40,plunger,469,6.150602768
179,41,mosquito,416,6.03068526
179,44,backpack,404,6.001414878
179,46,deer,425,6.052089169
179,47,bulldog,395,5.978885765
179,49,mink,507,6.228511004
179,54,donkey,488,6.190315406
179,56,cave,485,6.184148891
179,58,napkin,369,5.910796644
179,59,lawnmower,432,6.068425588
179,60,condor,384,5.950642553
179,65,submarine,460,6.131226489
179,67,popsicle,441,6.089044875
179,68,paddle,459,6.12905021
179,71,amphitheater,478,6.169610732
180,8,bear,471,6.154858094
180,9,crayon,517,6.248042875
180,12,eggbeater,588,6.376726948
180,15,spoon,431,6.06610809
180,18,treadmill,489,6.192362489
180,19,ferret,551,6.311734809
180,21,ladle,524,6.261491684
180,23,zipper,442,6.091309882
180,25,buffalo,820,6.70930434
180,26,skyscraper,595,6.388561406
180,30,pistol,631,6.447305863
180,31,lotion,875,6.774223886
180,35,stadium,529,6.270988432
180,36,beetle,480,6.173786104
180,40,plunger,504,6.222576268
180,41,mosquito,395,5.978885765
180,44,backpack,465,6.142037406
180,46,deer,420,6.040254711
180,47,bulldog,465,6.142037406
180,49,mink,1009,6.91671502
180,51,rake,651,6.478509642
180,54,donkey,897,6.799055862
180,56,cave,511,6.23636959
180,58,napkin,540,6.29156914
180,59,lawnmower,548,6.306275287
180,64,tambourine,759,6.632001777
180,65,submarine,844,6.738152495
180,67,popsicle,484,6.182084907
180,68,paddle,525,6.263398263
180,71,amphitheater,607,6.408528791
181,8,bear,515,6.244166901
181,9,crayon,611,6.415096959
181,12,eggbeater,715,6.572282543
181,15,spoon,1004,6.9117473
181,17,leech,794,6.677083461
181,18,treadmill,612,6.416732283
181,19,ferret,704,6.556778356
181,23,zipper,692,6.539585956
181,25,buffalo,682,6.525029658
181,26,skyscraper,728,6.590301048
181,30,pistol,598,6.393590754
181,31,lotion,596,6.390240667
181,35,stadium,632,6.448889394
181,36,beetle,547,6.304448802
181,40,plunger,850,6.745236349
181,41,mosquito,786,6.666956792
181,44,backpack,2797,7.936302693
181,46,deer,521,6.255750042
181,47,bulldog,570,6.345636361
181,51,rake,1290,7.162397497
181,54,donkey,674,6.513230111
181,56,cave,604,6.403574198
181,58,napkin,673,6.51174533
181,59,lawnmower,988,6.895682698
181,64,tambourine,946,6.852242569
181,65,submarine,698,6.548219103
181,67,popsicle,994,6.901737207
181,68,paddle,1095,6.998509642
182,8,bear,411,6.018593214
182,9,crayon,424,6.049733455
182,12,eggbeater,496,6.206575927
182,15,spoon,482,6.177944114
182,17,leech,493,6.200509174
182,18,treadmill,559,6.326149473
182,19,ferret,468,6.148468296
182,21,ladle,941,6.84694314
182,23,zipper,456,6.12249281
182,25,buffalo,354,5.869296913
182,26,skyscraper,397,5.983936281
182,30,pistol,528,6.269096284
182,31,lotion,501,6.216606101
182,35,stadium,332,5.805134969
182,36,beetle,437,6.079933195
182,40,plunger,571,6.34738921
182,41,mosquito,506,6.226536669
182,44,backpack,585,6.371611847
182,46,deer,487,6.188264123
182,47,bulldog,438,6.08221891
182,49,mink,589,6.378426184
182,51,rake,488,6.190315406
182,54,donkey,471,6.154858094
182,56,cave,419,6.03787092
182,58,napkin,338,5.823045895
182,59,lawnmower,475,6.163314804
182,60,condor,642,6.464588304
182,64,tambourine,575,6.354370041
182,65,submarine,466,6.144185634
182,67,popsicle,609,6.411818268
182,68,paddle,543,6.29710932
182,71,amphitheater,614,6.419994928
183,8,bear,378,5.934894196
183,9,crayon,327,5.789960171
183,12,eggbeater,299,5.700443573
183,15,spoon,306,5.723585102
183,17,leech,334,5.811140993
183,19,ferret,290,5.669880923
183,21,ladle,319,5.765191103
183,23,zipper,279,5.631211782
183,25,buffalo,353,5.866468057
183,26,skyscraper,468,6.148468296
183,30,pistol,426,6.054439346
183,31,lotion,363,5.894402834
183,35,stadium,394,5.976350909
183,36,beetle,343,5.837730447
183,40,plunger,514,6.242223265
183,44,backpack,402,5.996452089
183,46,deer,406,6.00635316
183,47,bulldog,590,6.380122537
183,49,mink,455,6.120297419
183,54,donkey,368,5.908082938
183,56,cave,392,5.97126184
183,58,napkin,415,6.02827852
183,59,lawnmower,445,6.098074282
183,64,tambourine,448,6.104793232
183,65,submarine,849,6.744059186
183,67,popsicle,421,6.042632834
183,68,paddle,345,5.843544417
183,71,amphitheater,611,6.415096959
184,8,bear,577,6.357842267
184,9,crayon,526,6.265301213
184,12,eggbeater,857,6.753437919
184,15,spoon,560,6.327936784
184,18,treadmill,638,6.458338283
184,21,ladle,1227,7.112327445
184,23,zipper,660,6.492239835
184,25,buffalo,720,6.579251212
184,26,skyscraper,664,6.498282149
184,30,pistol,669,6.50578406
184,31,lotion,686,6.530877628
184,35,stadium,533,6.278521424
184,40,plunger,587,6.37502482
184,41,mosquito,676,6.516193076
184,44,backpack,651,6.478509642
184,46,deer,512,6.238324625
184,47,bulldog,616,6.423246964
184,49,mink,868,6.766191715
184,51,rake,688,6.533788838
184,54,donkey,684,6.527957918
184,56,cave,619,6.428105273
184,58,napkin,616,6.423246964
184,60,condor,696,6.54534966
184,64,tambourine,971,6.878326468
184,65,submarine,786,6.666956792
184,68,paddle,1209,7.097548851
184,71,amphitheater,1063,6.968850378
185,8,bear,640,6.461468176
185,9,crayon,575,6.354370041
185,15,spoon,506,6.226536669
185,18,treadmill,1113,7.014814351
185,19,ferret,536,6.284134161
185,21,ladle,846,6.74051936
185,23,zipper,1060,6.966024187
185,25,buffalo,611,6.415096959
185,26,skyscraper,627,6.440946541
185,30,pistol,714,6.570882962
185,31,lotion,600,6.396929655
185,35,stadium,501,6.216606101
185,36,beetle,1236,7.119635638
185,40,plunger,747,6.616065185
185,41,mosquito,715,6.572282543
185,44,backpack,691,6.538139824
185,46,deer,559,6.326149473
185,47,bulldog,546,6.302618976
185,49,mink,2180,7.687080156
185,51,rake,664,6.498282149
185,56,cave,1320,7.185387016
185,58,napkin,763,6.637258031
185,59,lawnmower,1025,6.932447892
185,60,condor,658,6.489204931
185,65,submarine,585,6.371611847
185,67,popsicle,2290,7.736307097
185,68,paddle,2554,7.845416037
185,71,amphitheater,705,6.558197803
187,8,bear,700,6.551080335
187,9,crayon,507,6.228511004
187,12,eggbeater,559,6.326149473
187,15,spoon,1116,7.017506143
187,17,leech,698,6.548219103
187,18,treadmill,515,6.244166901
187,19,ferret,624,6.436150368
187,21,ladle,549,6.308098442
187,23,zipper,462,6.135564891
187,25,buffalo,547,6.304448802
187,26,skyscraper,475,6.163314804
187,30,pistol,543,6.29710932
187,31,lotion,475,6.163314804
187,35,stadium,971,6.878326468
187,36,beetle,479,6.171700597
187,40,plunger,946,6.852242569
187,41,mosquito,898,6.800170068
187,44,backpack,470,6.152732695
187,46,deer,1160,7.056175284
187,47,bulldog,847,6.741700695
187,49,mink,483,6.180016654
187,51,rake,513,6.240275845
187,54,donkey,539,6.289715571
187,56,cave,725,6.586171655
187,58,napkin,452,6.11368218
187,59,lawnmower,534,6.280395839
187,60,condor,674,6.513230111
187,64,tambourine,633,6.450470422
187,65,submarine,660,6.492239835
187,67,popsicle,574,6.352629396
187,68,paddle,445,6.098074282
187,71,amphitheater,813,6.70073111
188,8,bear,654,6.483107351
188,9,crayon,465,6.142037406
188,15,spoon,536,6.284134161
188,17,leech,387,5.958424693
188,18,treadmill,512,6.238324625
188,19,ferret,581,6.364750757
188,21,ladle,628,6.442540166
188,23,zipper,488,6.190315406
188,25,buffalo,525,6.263398263
188,26,skyscraper,546,6.302618976
188,30,pistol,587,6.37502482
188,31,lotion,725,6.586171655
188,35,stadium,667,6.502790046
188,36,beetle,717,6.575075841
188,40,plunger,598,6.393590754
188,41,mosquito,571,6.34738921
188,44,backpack,626,6.439350371
188,46,deer,591,6.381816017
188,47,bulldog,633,6.450470422
188,49,mink,968,6.875232087
188,51,rake,531,6.274762021
188,54,donkey,449,6.107022888
188,56,cave,447,6.102558595
188,58,napkin,646,6.470799504
188,64,tambourine,605,6.405228458
188,65,submarine,827,6.717804695
188,67,popsicle,571,6.34738921
188,68,paddle,934,6.839476438
188,71,amphitheater,983,6.89060912
189,8,bear,473,6.159095388
189,9,crayon,476,6.165417854
189,12,eggbeater,679,6.520621128
189,15,spoon,470,6.152732695
189,17,leech,517,6.248042875
189,18,treadmill,505,6.224558429
189,21,ladle,774,6.651571874
189,25,buffalo,494,6.202535517
189,26,skyscraper,536,6.284134161
189,30,pistol,584,6.369900983
189,31,lotion,594,6.386879319
189,36,beetle,675,6.514712691
189,40,plunger,449,6.107022888
189,41,mosquito,489,6.192362489
189,46,deer,472,6.156978986
189,49,mink,694,6.542471961
189,54,donkey,475,6.163314804
189,56,cave,501,6.216606101
189,58,napkin,853,6.748759547
189,59,lawnmower,685,6.529418838
189,60,condor,951,6.857514063
189,64,tambourine,602,6.400257445
189,65,submarine,504,6.222576268
189,67,popsicle,630,6.445719819
189,68,paddle,574,6.352629396
189,71,amphitheater,787,6.668228248
190,8,bear,392,5.97126184
190,9,crayon,434,6.073044534
190,12,eggbeater,570,6.345636361
190,15,spoon,606,6.406879986
190,17,leech,550,6.309918278
190,18,treadmill,710,6.56526497
190,19,ferret,603,6.401917197
190,21,ladle,538,6.28785856
190,26,skyscraper,550,6.309918278
190,30,pistol,464,6.139884552
190,31,lotion,543,6.29710932
190,35,stadium,513,6.240275845
190,36,beetle,538,6.28785856
190,40,plunger,761,6.634633358
190,41,mosquito,607,6.408528791
190,44,backpack,563,6.333279628
190,46,deer,627,6.440946541
190,47,bulldog,444,6.095824562
190,49,mink,969,6.876264612
190,51,rake,671,6.508769137
190,54,donkey,576,6.356107661
190,56,cave,579,6.361302478
190,58,napkin,495,6.204557763
190,60,condor,828,6.719013154
190,64,tambourine,606,6.406879986
190,65,submarine,524,6.261491684
190,67,popsicle,639,6.459904454
190,68,paddle,473,6.159095388
190,71,amphitheater,602,6.400257445
192,8,bear,360,5.886104031
192,9,crayon,455,6.120297419
192,12,eggbeater,451,6.11146734
192,15,spoon,508,6.230481448
192,17,leech,414,6.025865974
192,18,treadmill,484,6.182084907
192,19,ferret,474,6.161207322
192,21,ladle,4603,8.434463544
192,23,zipper,520,6.253828812
192,25,buffalo,431,6.06610809
192,26,skyscraper,443,6.09356977
192,30,pistol,642,6.464588304
192,31,lotion,529,6.270988432
192,35,stadium,581,6.364750757
192,36,beetle,779,6.658011046
192,40,plunger,568,6.342121419
192,41,mosquito,579,6.361302478
192,44,backpack,562,6.33150185
192,46,deer,623,6.434546519
192,47,bulldog,696,6.54534966
192,54,donkey,468,6.148468296
192,56,cave,539,6.289715571
192,58,napkin,556,6.320768294
192,59,lawnmower,689,6.535241271
192,60,condor,1035,6.942156706
192,64,tambourine,717,6.575075841
192,65,submarine,483,6.180016654
192,67,popsicle,489,6.192362489
192,68,paddle,639,6.459904454
192,71,amphitheater,757,6.629363253
193,8,bear,467,6.146329258
193,9,crayon,534,6.280395839
193,12,eggbeater,542,6.295266001
193,15,spoon,469,6.150602768
193,17,leech,520,6.253828812
193,19,ferret,501,6.216606101
193,23,zipper,473,6.159095388
193,25,buffalo,360,5.886104031
193,26,skyscraper,435,6.075346031
193,31,lotion,575,6.354370041
193,35,stadium,433,6.070737728
193,36,beetle,454,6.118097198
193,40,plunger,541,6.293419279
193,41,mosquito,572,6.349138991
193,44,backpack,451,6.11146734
193,46,deer,485,6.184148891
193,49,mink,391,5.96870756
193,51,rake,551,6.311734809
193,54,donkey,492,6.198478716
193,56,cave,457,6.124683391
193,58,napkin,541,6.293419279
193,59,lawnmower,491,6.196444128
193,60,condor,373,5.92157842
193,65,submarine,554,6.317164687
193,71,amphitheater,548,6.306275287
194,8,bear,450,6.109247583
194,12,eggbeater,630,6.445719819
194,15,spoon,551,6.311734809
194,17,leech,683,6.52649486
194,18,treadmill,561,6.329720906
194,19,ferret,712,6.568077911
194,21,ladle,791,6.673297968
194,23,zipper,821,6.710523109
194,25,buffalo,706,6.559615237
194,26,skyscraper,1344,7.203405521
194,30,pistol,802,6.687108608
194,31,lotion,904,6.80682936
194,35,stadium,878,6.777646594
194,36,beetle,973,6.880384082
194,41,mosquito,891,6.792344427
194,44,backpack,778,6.656726524
194,46,deer,734,6.598509029
194,47,bulldog,843,6.736966958
194,49,mink,789,6.670766321
194,51,rake,965,6.872128101
194,54,donkey,839,6.732210706
194,56,cave,963,6.870053412
194,58,napkin,1064,6.96979067
194,59,lawnmower,995,6.902742737
194,60,condor,1013,6.920671504
194,64,tambourine,1024,6.931471806
194,65,submarine,838,6.7310181
194,67,popsicle,866,6.763884909
194,68,paddle,929,6.834108739
194,71,amphitheater,989,6.896694332
195,8,bear,870,6.768493212
195,12,eggbeater,779,6.658011046
195,15,spoon,681,6.523562306
195,17,leech,678,6.519147288
195,18,treadmill,769,6.64509097
195,19,ferret,708,6.562444094
195,21,ladle,832,6.723832441
195,23,zipper,941,6.84694314
195,25,buffalo,1171,7.065613364
195,26,skyscraper,962,6.869014451
195,30,pistol,683,6.52649486
195,31,lotion,703,6.555356892
195,35,stadium,492,6.198478716
195,36,beetle,533,6.278521424
195,40,plunger,782,6.661854741
195,41,mosquito,635,6.453624999
195,44,backpack,578,6.359573869
195,46,deer,644,6.467698726
195,47,bulldog,1544,7.342131731
195,49,mink,799,6.683360946
195,51,rake,667,6.502790046
195,54,donkey,472,6.156978986
195,56,cave,688,6.533788838
195,58,napkin,627,6.440946541
195,59,lawnmower,702,6.553933404
195,60,condor,579,6.361302478
195,64,tambourine,517,6.248042875
195,65,submarine,553,6.315358002
195,67,popsicle,661,6.49375384
195,68,paddle,635,6.453624999
195,71,amphitheater,855,6.751101469
196,8,bear,383,5.948034989
196,15,spoon,429,6.061456919
196,18,treadmill,654,6.483107351
196,19,ferret,414,6.025865974
196,21,ladle,492,6.198478716
196,23,zipper,364,5.897153868
196,25,buffalo,372,5.918893854
196,26,skyscraper,476,6.165417854
196,31,lotion,492,6.198478716
196,35,stadium,512,6.238324625
196,36,beetle,422,6.045005314
196,40,plunger,676,6.516193076
196,41,mosquito,407,6.008813185
196,47,bulldog,496,6.206575927
196,49,mink,523,6.259581464
196,51,rake,563,6.333279628
196,56,cave,301,5.707110265
196,58,napkin,366,5.902633333
196,65,submarine,712,6.568077911
196,68,paddle,592,6.383506635
196,71,amphitheater,611,6.415096959
230,8,bear,845,6.739336627
230,9,crayon,1366,7.21964204
230,15,spoon,1011,6.918695219
230,17,leech,1770,7.478734826
230,21,ladle,1599,7.377133713
230,23,zipper,2450,7.803843304
230,25,buffalo,1346,7.20489251
230,26,skyscraper,1451,7.280008253
230,30,pistol,1422,7.25981961
230,31,lotion,1300,7.170119543
230,35,stadium,1345,7.204149292
230,40,plunger,919,6.823286122
230,41,mosquito,988,6.895682698
230,44,backpack,917,6.821107472
230,46,deer,552,6.313548046
230,47,bulldog,1773,7.480428306
230,54,donkey,751,6.621405652
230,56,cave,813,6.70073111
230,58,napkin,898,6.800170068
230,65,submarine,1051,6.957497371
231,8,bear,620,6.429719478
231,12,eggbeater,793,6.675823222
231,15,spoon,538,6.28785856
231,17,leech,993,6.900730664
231,18,treadmill,1087,6.991176887
231,21,ladle,828,6.719013154
231,23,zipper,762,6.635946556
231,25,buffalo,626,6.439350371
231,26,skyscraper,836,6.728628613
231,30,pistol,1387,7.23489842
231,31,lotion,761,6.634633358
231,35,stadium,1021,6.928537818
231,36,beetle,882,6.782192056
231,41,mosquito,1051,6.957497371
231,44,backpack,1043,6.949856455
231,46,deer,677,6.517671273
231,49,mink,751,6.621405652
231,51,rake,1372,7.224024808
231,54,donkey,612,6.416732283
231,56,cave,611,6.415096959
231,58,napkin,568,6.342121419
231,60,condor,1351,7.208600338
231,64,tambourine,1735,7.458762692
231,65,submarine,1176,7.069874128
231,67,popsicle,1276,7.151485464
231,68,paddle,855,6.751101469
231,71,amphitheater,1122,7.022868086